Year,Agriculture,Industry,Services,GDP,w1,w2,w3
1270,64.59676368719816,28.15184075443832,37.00515829362967,40.58198755308213,NA,NA,NA
1271,63.922770903632625,27.38256137163947,37.4099150744177,40.160297580222675,NA,NA,NA
1272,69.02887728952845,27.72286130070069,37.51295438966947,41.667740041693406,0.2579172097923505,0.47298920723407384,0.2866047370068473
1273,61.40283319442997,26.856266563329793,37.55354899770831,39.302596676070785,0.25791720979235283,0.4729892072340301,0.2866047370068753
1274,60.48757886286674,26.987480285871275,37.650891737934245,39.15649839768874,0.2579172097923484,0.4729892072340679,0.28660473700685546
1275,76.86821889426136,29.76478897036763,37.86948236943698,44.757633512577144,0.25791720979234456,0.4729892072341009,0.2866047370068382
1276,62.2872240869122,26.450132434624614,37.727394968615094,39.388424326630044,0.2579172097923496,0.4729892072340696,0.2866047370068524
1277,71.10964805505222,27.27614759095143,37.745733988387336,42.05983160399101,0.2579172097923496,0.47298920723406945,0.28660473700685246
1278,77.62124010260973,26.826857381248555,38.026016146233594,43.60710403023494,0.25791720979235006,0.47298920723407284,0.2866047370068494
1279,56.87435819007469,22.52663503859056,37.92967503326283,36.19455555933257,0.2579172097923496,0.47298920723406906,0.2866047370068529
1280,59.31616893665651,22.291400011757133,38.12971915504318,36.77041053798893,0.2579172097923506,0.47298920723406396,0.28660473700685435
1281,67.11802540859803,22.8111874453896,38.38732566911819,39.10232868381425,0.25791720979235105,0.4729892072340621,0.2866047370068548
1282,64.04487614011293,22.135934748147186,38.269169772222654,37.956459321504255,0.2579172097923507,0.4729892072340691,0.28660473700685124
1283,57.84328908386446,21.486462792222945,38.4825375531372,36.110922282853686,0.2579172097923489,0.4729892072340777,0.2866047370068493
1284,62.85663970139297,21.163947175161308,38.90042425300299,37.37117358751651,0.25791720979235006,0.4729892072340549,0.28660473700686045
1285,65.2167827467524,20.836336603980136,39.05059179495572,37.86797756101028,0.25791720979235,0.472989207234061,0.28660473700685707
1286,62.61597356793012,21.00036836593406,39.342040870394094,37.3583000530708,0.25791720979235144,0.47298920723406834,0.2866047370068508
1287,72.9516621656595,22.598904408770565,39.83644621585217,40.92184122712588,0.2579172097923526,0.47298920723404986,0.2866047370068587
1288,69.77007729045695,21.541261084024278,40.188903971624164,39.70201791808701,0.25791720979235033,0.47298920723406607,0.2866047370068536
1289,61.17854495662096,19.658581338785446,40.41179749368947,36.65950900979917,0.2579172097923519,0.47298920723406135,0.2866047370068535
1290,61.67842305889019,20.151667174793257,41.05521780190144,37.20606776206439,0.25791720979235,0.47298920723407034,0.2866047370068521
1291,60.74801430618237,20.75057315737491,41.154104124880796,37.27771668709972,0.2579172097922894,0.47298920723394217,0.28660473700700606
1292,64.59430617546585,22.73342757766025,41.331730309468014,39.2585188003028,0.25791720979235333,0.47298920723406496,0.28660473700684974
1293,65.43886239719453,24.2738227716065,41.25683866796799,40.1834703869195,0.2579172097923562,0.4729892072340584,0.2866047370068489
1294,63.76353965071872,24.71308801572178,40.97968104152788,39.87970884959106,0.2579172097923473,0.4729892072340638,0.28660473700685984
1295,69.98076940281078,27.018267024323194,41.44537055027671,42.70703301088144,0.25791720979235044,0.47298920723406845,0.28660473700685224
1296,73.9276075305573,28.335795457142044,41.670260071157415,44.41262161922682,0.2579172097923142,0.4729892072341687,0.28660473700684813
1297,68.74886498438552,26.789013023452707,42.187650818578064,42.49361003350524,0.2579172097923953,0.47298920723392146,0.2866047370068723
1298,77.4494885105034,26.5128005944945,42.495175567940876,44.695143128928336,0.2579172097923498,0.4729892072340653,0.2866047370068553
1299,71.21947769882223,26.571804570420948,42.23627378270636,43.04202188913273,0.2579172097923462,0.472989207234005,0.28660473700689926
1300,69.95877686654903,26.49101167181021,42.4667578392835,42.74470910144546,0.2579172097923493,0.47298920723408433,0.28660473700684425
1301,73.04389226557284,25.380824971215304,42.56682523853058,43.04398692029707,0.2579172097923466,0.4729892072340603,0.2866047370068638
1302,72.07892318725597,28.52768346980325,42.1186657169806,44.15509025279564,0.2579172097923492,0.47298920723406684,0.28660473700685546
1303,74.91914551934084,30.68868941804753,42.37943913196998,45.984503858186464,0.25791720979234833,0.472989207234067,0.28660473700685696
1304,64.78873319811666,26.933953596726102,42.380516497557345,41.59605543683093,0.25791720979235017,0.47298920723406473,0.28660473700685524
1305,69.8733597362892,26.32621712012676,42.825916608719666,42.74766911384108,0.2579172097923484,0.4729892072340697,0.2866047370068549
1306,67.45699827048877,25.436896173324254,42.15704966430487,41.512108262430736,0.25791720979234767,0.4729892072340591,0.28660473700686256
1307,72.54563593943615,26.893003025517714,42.159260797430406,43.5139120385449,0.25791720979237653,0.4729892072339735,0.28660473700686806
1308,72.75123777708816,28.024143874926477,41.88708729063956,44.02395148813818,0.25791720979234933,0.4729892072340664,0.28660473700685546
1309,75.3386387692984,28.948799949921945,41.816444203987416,45.10839243326799,0.25791720979235594,0.472989207234058,0.28660473700684963
1310,72.15013841495423,29.392852336825936,41.85334131415288,44.50663019146103,0.25791720979234833,0.472989207234079,0.2866047370068487
1311,76.0314251045905,30.468283382161342,42.04357803896118,46.07087084890703,0.2579172097923492,0.4729892072340714,0.28660473700685246
1312,73.12308369789933,29.43796040248923,42.09811580137009,44.849058679871675,0.25791720979234634,0.47298920723408233,0.2866047370068498
1313,75.6527204072219,29.86943054846708,41.88209485857682,45.64366361852244,0.2579172097923408,0.4729892072340981,0.2866047370068485
1314,73.108880564862,31.500624433425013,41.514789691741406,45.65382924597156,0.25791720979234695,0.4729892072340681,0.2866047370068588
1315,58.76769709454587,29.30379263712985,41.87505796356293,41.019168083728516,0.25791720979235033,0.47298920723407156,0.28660473700685013
1316,54.16623542476315,27.527717558143543,40.91685271374373,38.71768142167078,0.25791720979235505,0.4729892072340432,0.2866047370068633
1317,60.0812457076689,28.197813197729864,40.70652020396059,40.49993008141944,0.25791720979235205,0.47298920723405186,0.2866047370068615
1318,73.68579088541324,29.96991865905737,40.136715779222314,44.68365452414824,0.25791720979235283,0.47298920723404864,0.2866047370068625
1319,74.32983143826424,30.537339902751263,39.27563525923523,44.8713580347826,0.25791720979235166,0.4729892072340573,0.28660473700685823
1320,71.29366237971708,29.061564041780137,39.29446267161671,43.39564775378247,0.25791720979235483,0.4729892072340514,0.2866047370068568
1321,54.979052743179395,24.26552370112288,38.514125686962835,36.695705562621754,0.2579172097923547,0.47298920723405175,0.2866047370068568
1322,60.00834788940415,26.095954041228847,37.65556769417126,38.61255434169299,0.2579172097923526,0.47298920723406035,0.28660473700685446
1323,64.82848304785318,26.486546834624896,37.69745924552596,40.052502645340745,0.2579172097923534,0.47298920723405546,0.2866047370068564
1324,56.361148673700974,24.041685405923587,36.91887848572041,36.4890933863193,0.25791720979235305,0.47298920723406057,0.2866047370068534
1325,66.5549259173986,25.117807505067237,36.43085123300026,39.48736718640152,0.25791720979234894,0.47298920723407195,0.2866047370068524
1326,68.16964617207213,25.91458329959237,36.28535453456051,40.238997637486165,0.25791720979234795,0.47298920723408344,0.2866047370068464
1327,65.34709723543483,26.21694528619411,36.76102757327545,39.790357793748925,0.2579172097923506,0.47298920723407784,0.2866047370068454
1328,56.67282788730503,25.3708692886737,36.8703322415025,37.18425686685586,0.2579172097923507,0.47298920723405996,0.2866047370068578
1329,62.88516583634818,26.210200276568983,37.467793887553256,39.35475557346984,0.2579172097923469,0.4729892072340961,0.28660473700683886
1330,61.66934385367199,25.121617523379562,37.596883483278596,38.56328395628723,0.2579172097923499,0.47298920723407295,0.28660473700684996
1331,57.05885419635891,24.18507592600657,37.76488838108704,36.97933625996562,0.25791720979234956,0.47298920723407345,0.2866047370068503
1332,63.897138669514,24.838681884457603,38.14032712203415,39.15979859679069,0.25791720979235133,0.47298920723406646,0.2866047370068522
1333,68.30920425566498,25.320482925285692,38.324299091144596,40.57836017236095,0.25791720979235255,0.47298920723403565,0.28660473700687017
1334,64.67692170648095,24.768460874956915,38.670820439298005,39.479746179992006,0.2579172097923508,0.47298920723405563,0.2866047370068601
1335,60.465908328713994,23.820647510211973,39.064092196011615,38.05806141560865,0.2579172097923409,0.47298920723410925,0.28660473700684225
1336,63.26062691836437,26.629558789893654,39.04849607655804,40.10298223405923,0.25791720979235255,0.4729892072340635,0.2866047370068522
1337,71.76920585582626,31.62514264084702,39.24693156794825,44.71722097006381,0.25791720979234806,0.47298920723406984,0.2866047370068552
1338,74.05938723000915,32.13119672375267,40.349285259283576,45.86319606929628,0.257917209792348,0.4729892072340705,0.28660473700685474
1339,55.060413651058234,24.2603794288913,41.82453443220519,37.66303558353879,0.25791720979234856,0.472989207234071,0.2866047370068534
1340,68.07140508136953,27.02578565890808,42.26799493205728,42.453899370225685,0.2579172097923507,0.4729892072340657,0.28660473700685357
1341,64.54206718050521,29.99095810398585,43.004727575619796,43.157268016082604,0.25791720979234994,0.47298920723406845,0.286604737006853
1342,70.09994429619684,31.384310504413538,43.709855047542995,45.45187369505337,0.25791720979234894,0.4729892072340654,0.28660473700685674
1343,66.26622945439068,31.362013520520414,43.724518688714966,44.45674909620154,0.25791720979235006,0.47298920723405963,0.28660473700685907
1344,75.25515463528724,33.186159432271644,44.15921419068443,47.76253471658908,0.25791720979234894,0.4729892072340737,0.2866047370068507
1345,67.61795991520457,30.647666241702083,44.722748177485094,44.75360239204933,0.2579172097923485,0.4729892072340757,0.2866047370068498
1346,61.5613249355788,29.439256721887432,45.297747878333844,42.78472497462305,0.25791720979234534,0.472989207234085,0.2866047370068483
1347,67.34509613660671,29.99677191687998,45.96242374830924,44.730657027879104,0.2579172097923536,0.4729892072340528,0.28660473700685796
1348,71.01096495755947,30.717619634769722,46.424252170806994,46.14946308983742,0.257917209792352,0.472989207234045,0.28660473700686523
1349,49.92346820907887,23.96266956708591,38.76405976974176,35.32016886101538,0.25791720979234734,0.4729892072340784,0.28660473700685035
1350,51.51874345833708,21.683956712856588,32.19591867357402,32.771350864227784,0.25791720979241073,0.47298920723372595,0.2866047370069865
1351,53.851937792372155,19.503073516325856,26.97031887210678,30.84390596576567,0.25791720979234717,0.4729892072340849,0.2866047370068465
1352,56.733993998407136,20.582515680536964,26.369461370255653,31.92559374809953,0.25791720979235083,0.472989207234058,0.28660473700685857
1353,54.28283729849361,22.1572190436701,26.13726090213656,31.97166619255304,0.2579172097923468,0.4729892072340689,0.28660473700685873
1354,52.89719356468334,19.274450652670332,27.26748422119538,30.5746938481819,0.25791720979234706,0.4729892072340692,0.28660473700685796
1355,58.60510887367191,18.21108291108858,26.984074847042862,31.462675504173983,0.2579172097923505,0.4729892072340664,0.2866047370068532
1356,52.67198496101917,20.6188922140533,26.688788624809227,30.986658122585386,0.25791720979235017,0.4729892072340635,0.2866047370068559
1357,54.909970293421104,20.442535447463435,26.845987727264774,31.52551221527198,0.25791720979234956,0.4729892072340624,0.286604737006858
1358,56.40902880302666,19.999404296457083,26.628550873252767,31.640230519210004,0.25791720979233634,0.4729892072339667,0.28660473700695793
1359,56.53134900616107,20.714706219451198,26.36917395338046,31.935770440288007,0.2579172097923529,0.4729892072340638,0.28660473700685013
1360,55.60411841857747,20.51752008071062,26.612596862970133,31.67312095784826,0.25791720979235344,0.4729892072340634,0.28660473700684913
1361,51.868888531106805,20.343350141978668,26.220905513321924,30.51509978984021,0.2579172097923512,0.47298920723407195,0.2866047370068473
1362,51.9871330214879,18.30599745751612,26.52491636302676,29.66908219741937,0.2579172097923515,0.4729892072340632,0.28660473700685346
1363,50.69055586060641,17.41701493327619,25.989874470218272,28.76084795344312,0.25791720979236754,0.47298920723406085,0.2866047370068235
1364,57.76403941990752,20.47790925939223,25.53722622447398,31.903259945878844,0.2579172097923481,0.4729892072340707,0.286604737006855
1365,52.954841891286215,19.945984515029558,25.62229471220561,30.435671506366177,0.25791720979235155,0.47298920723406235,0.2866047370068538
1366,57.93994536863124,19.15931075548657,25.473350039108183,31.30663903902941,0.25791720979235044,0.4729892072340683,0.2866047370068514
1367,50.86014951316126,18.860383101732054,25.456624607218448,29.33445470410938,0.25791720979235,0.47298920723406446,0.2866047370068554
1368,49.632249591670046,19.32611961212136,24.93309851988094,29.08800146870553,0.2579172097923496,0.4729892072340746,0.28660473700684874
1369,44.81980792277431,17.868412177454022,24.80195660256944,27.119724162551353,0.2579172097923491,0.47298920723407384,0.2866047370068504
1370,55.4594979335539,19.1070641962504,24.429325740997406,30.342954589515053,0.2579172097923503,0.4729892072340674,0.2866047370068531
1371,53.65640601910475,17.813655443024217,24.60153975935839,29.315495126564365,0.25791720979234983,0.4729892072340704,0.2866047370068517
1372,47.44584357772951,15.225644375289995,24.54933208667623,26.474619920904292,0.2579172097923432,0.4729892072340806,0.28660473700685873
1373,54.94441425411665,15.584175198213979,24.702271458265063,28.6220447052648,0.25791720979234983,0.4729892072340661,0.2866047370068547
1374,47.77245207013691,14.50890009551662,24.773018036344737,26.2839550160578,0.2579172097923497,0.47298920723407023,0.28660473700685246
1375,44.7692714009963,13.8550108682649,25.15966970720439,25.310916690594038,0.2579172097923514,0.4729892072340594,0.2866047370068555
1376,56.53226636919355,15.821194949158675,24.928664079097853,29.208572074000536,0.25791720979235166,0.47298920723405646,0.2866047370068567
1377,57.127832109322384,17.41242926089275,24.609943875203708,30.02346866335738,0.2579172097923492,0.47298920723407134,0.2866047370068528
1378,54.929671634249395,16.92396925754841,25.46931989485489,29.47179017530546,0.2579172097923502,0.47298920723407056,0.286604737006851
1379,47.18066663203361,15.854543230407733,25.04726339109452,26.846398064431977,0.25791720979235083,0.47298920723406834,0.28660473700685124
1380,48.385501034455146,17.129871413967347,25.348352358387196,27.84665558255808,0.257917209792351,0.47298920723406646,0.28660473700685213
1381,50.018160569628115,17.245564537747473,25.447313340930616,28.350830859685757,0.2579172097923491,0.47298920723406757,0.286604737006855
1382,52.743965201923125,17.50084610227524,25.206339182839464,29.10554387450865,0.2579172097923506,0.4729892072340704,0.2866047370068503
1383,46.71904387789523,17.868364515782634,24.79565813477017,27.60774208667013,0.2579172097923507,0.4729892072340692,0.28660473700685085
1384,57.03133178378811,19.193337570631407,25.150553012975013,30.99587111798581,0.25791720979234983,0.472989207234063,0.286604737006857
1385,47.489288486345764,18.31608059071554,24.870633149518337,28.039654492671737,0.2579172097923499,0.47298920723406207,0.2866047370068575
1386,55.72314360748163,20.45036010594265,24.692236900239877,31.121669397165267,0.25791720979234944,0.472989207234068,0.286604737006854
1387,56.569546353632745,19.920179007972038,24.828040357261035,31.12812320867771,0.25791720979235067,0.4729892072340633,0.2866047370068551
1388,48.739652915222806,18.911051376058747,24.635300392128798,28.576112274437495,0.2579172097923508,0.47298920723406346,0.2866047370068548
1389,49.99312799943372,20.187980623805622,24.155648479110273,29.365908312901684,0.2579172097923504,0.472989207234067,0.2866047370068528
1390,44.089537907529824,19.011728370464645,24.329737624237787,27.336810981480053,0.25791720979234967,0.4729892072340677,0.2866047370068538
1391,54.60503110875519,20.295733037827198,23.525271398564797,30.42569416619128,0.2579172097923508,0.4729892072340633,0.286604737006855
1392,64.61525259639198,22.518270025607023,23.503451472968866,34.05248487554743,0.2579172097923501,0.4729892072340664,0.28660473700685385
1393,46.487093767933544,19.603294028777736,23.49707087218185,27.996339835581747,0.2579172097923493,0.4729892072340704,0.2866047370068525
1394,54.91094200510523,20.56072245552875,23.38119836758848,30.58863897247429,0.2579172097923511,0.47298920723405896,0.2866047370068584
1395,49.288947421522586,20.589925028139746,23.294531832543232,29.127603278193476,0.25791720979235094,0.4729892072340601,0.2866047370068577
1396,49.31808930203803,20.666233096087915,23.23428607790861,29.153945644605653,0.2579172097923511,0.4729892072340658,0.28660473700685235
1397,46.51655400784147,20.85231940484053,22.695972793590542,28.36511515676642,0.2579172097923451,0.4729892072340501,0.28660473700687905
1398,53.005143388056304,21.32198016887458,22.51350455090308,30.208482234941574,0.25791720979235006,0.47298920723406557,0.28660473700685474
1399,47.80173337088095,21.33788083432825,22.43829503190443,28.852398680640547,0.2579172097923501,0.4729892072340652,0.28660473700685507
1400,44.7360237108382,21.35176385818499,21.867314354224803,27.904620152574513,0.25791720979235,0.47298920723406057,0.28660473700685957
1401,43.919880025003245,21.06436120368903,21.749494083427294,27.524416448901313,0.25791720979234767,0.472989207234057,0.2866047370068679
1402,47.02956906458037,20.624473613267888,22.163448265834454,28.237037916227187,0.2579172097923454,0.47298920723405646,0.28660473700687317
1403,48.42221336153406,21.053695318655333,21.733544230826404,28.676029548797906,0.2579172097923499,0.47298920723406396,0.28660473700685657
1404,49.51737997867528,21.398740058974838,21.813811583583018,29.14469930865975,0.2579172097923623,0.4729892072340332,0.28660473700685873
1405,50.59973468850106,20.972267675220685,21.638312576490033,29.17184153395167,0.25791720979234767,0.4729892072340723,0.28660473700685357
1406,44.64695084178506,19.52547711883764,21.9285366829137,27.035379419106967,0.2579172097923476,0.472989207234072,0.28660473700685407
1407,45.09407105527624,19.37847822804712,21.82679824771914,27.05201181073065,0.25791720979234867,0.472989207234068,0.2866047370068555
1408,38.556841861412515,18.59776843369154,21.876249072647056,25.01085343123734,0.25791720979235216,0.4729892072340611,0.2866047370068543
1409,42.06877994560559,18.336062826904985,22.12891476513294,25.8652739597388,0.25791720979235166,0.47298920723406535,0.28660473700685163
1410,47.912230816231094,18.651232559435588,21.93441881911599,27.46572892632594,0.2579172097923497,0.47298920723406357,0.2866047370068568
1411,44.93722361797435,19.14550888916193,21.75734117057933,26.881459447102586,0.2579172097923498,0.4729892072340624,0.28660473700685757
1412,42.90819676340152,18.92768463157157,21.71558988258382,26.243143862347754,0.2579172097923482,0.47298920723405585,0.28660473700686673
1413,36.22013105665669,17.160691540679093,22.044913457907892,23.77679365180283,0.25791720979234484,0.47298920723408694,0.2866047370068462
1414,43.37384398585624,20.15673184766942,21.91973745742158,27.00307802510315,0.2579172097923521,0.4729892072340611,0.28660473700685435
1415,43.121972807360535,21.37996016304665,22.248402673313024,27.610886912438836,0.2579172097923491,0.4729892072340684,0.2866047370068536
1416,40.29401695709888,20.9561926782721,22.000224371437227,26.60994190650839,0.2579172097923491,0.4729892072340684,0.2866047370068536
1417,48.783215154056265,21.42390890155631,22.180552708945253,29.072359900249968,0.25791720979235067,0.47298920723404775,0.28660473700687034
1418,44.87908372534864,20.34192980568658,22.237810741850076,27.57006320415804,0.25791720979235006,0.47298920723406385,0.28660473700685607
1419,48.9244363471109,21.1537472433505,22.31489314024672,29.0195023317689,0.25791720979234706,0.4729892072340778,0.28660473700684935
1420,46.44498680329991,20.97587285187799,22.308929565712678,28.294167767487483,0.2579172097923509,0.4729892072340578,0.28660473700685996
1421,39.79534817382543,20.627768880476818,22.2812957510191,26.40654212238518,0.25791720979234867,0.47298920723408966,0.28660473700683453
1422,42.47996302974933,20.877147493720855,22.420258354688112,27.256731228449933,0.2579172097923623,0.4729892072338155,0.28660473700706407
1423,47.21583329172301,21.10226116090492,22.991692031102644,28.748445605881344,0.25791720979235006,0.4729892072340562,0.2866047370068631
1424,49.362657537260056,20.63029483671904,22.57486464675688,28.9594488448193,0.2579172097923505,0.4729892072340577,0.2866047370068607
1425,45.52429866711898,20.708269843102343,22.36156169835291,27.945217735873996,0.2579172097923502,0.4729892072340522,0.28660473700686623
1426,44.2528632211143,19.82859927343475,21.959763426034655,27.08606067966759,0.2579172097923501,0.4729892072340504,0.2866047370068681
1427,43.45120896798004,18.893529861497075,21.70408410511218,26.36374360708872,0.25791720979229626,0.47298920723410076,0.2866047370069314
1428,40.67667039486519,17.135732159524146,21.426465357630583,24.737156170205516,0.2579172097923406,0.47298920723408,0.2866047370068606
1429,41.73581620658611,18.501597313530038,21.141846578315448,25.574794488716883,0.2579172097923516,0.47298920723406257,0.28660473700685374
1430,44.039282311001315,19.02709453730014,20.738097155432392,26.30173605733156,0.2579172097923476,0.4729892072340686,0.28660473700685657
1431,43.28954862617788,19.71022167129952,20.665178316585877,26.410579714174563,0.2579172097923476,0.47298920723406856,0.28660473700685657
1432,43.78347503238035,18.725924501540376,20.619672016656597,26.05936757557457,0.2579172097923133,0.4729892072340413,0.2866047370069543
1433,45.75077788888406,19.364013247858342,20.414664011346723,26.8098216639603,0.2579172097923499,0.472989207234062,0.28660473700685796
1434,48.29912406031191,21.432007758571,20.21405296115478,28.38772700498544,0.2579172097923475,0.47298920723406956,0.2866047370068562
1435,41.28609033029165,18.417053625308654,20.38080313666799,25.200695538018955,0.25791720979235155,0.4729892072340641,0.2866047370068522
1436,37.884805331319775,16.89825707917772,19.868932750693244,23.45836674971736,0.25791720979242444,0.4729892072338949,0.28660473700685746
1437,33.88246701838307,16.917661761899076,20.06844742492567,22.492454875634092,0.2579172097923521,0.47298920723405735,0.28660473700685735
1438,35.681175100634725,18.106361239536213,20.326850416604607,23.592674190478455,0.2579172097923508,0.4729892072340685,0.2866047370068502
1439,39.28678000431541,18.458971157974073,20.083226226267865,24.619578585634212,0.25791720979234817,0.4729892072340735,0.2866047370068503
1440,43.34916293694809,16.311598407862537,20.70425957445015,24.829644021443876,0.25791720979234917,0.4729892072340639,0.2866047370068571
1441,34.32545653754615,15.384895221605602,20.2451974487425,21.932384859707557,0.2579172097923499,0.4729892072340646,0.286604737006855
1442,34.64531287542697,16.880935929783814,20.11936896540888,22.68642938308548,0.2579172097923497,0.4729892072340668,0.2866047370068536
1443,50.65663054955423,18.01133823795118,20.37207109775969,27.423117482474435,0.2579172097923499,0.4729892072340658,0.2866047370068542
1444,52.46334861628965,16.928237934135854,20.32237716316464,27.362563894016226,0.25791720979234994,0.4729892072340671,0.2866047370068531
1445,38.53418945570534,16.719524364319238,20.014877298053687,23.583143844668452,0.2579172097923497,0.4729892072340669,0.2866047370068538
1446,43.72449399802737,16.893624812124976,20.211147611047576,25.06041234442131,0.25791720979235,0.47298920723414667,0.28660473700678657
1447,44.80318034916392,17.76670973798158,19.830893361563,25.6426011961072,0.2579172097923501,0.47298920723406496,0.28660473700685457
1448,46.53461693970165,18.35483825523761,20.209083167724337,26.475737921533288,0.25791720979233884,0.4729892072340837,0.28660473700686334
1449,39.42349009751385,18.11397594976215,19.30855155353564,24.269634030546413,0.25791720979234745,0.47298920723405335,0.2866047370068711
1450,41.99774592788385,17.94452677254904,19.80914732720044,24.996904399668583,0.25791720979234795,0.4729892072340577,0.28660473700686606
1451,43.29172604404691,17.58965533476892,19.7195889432308,25.11120777671693,0.22627105358766983,0.3961282968402485,0.42332439724603044
1452,42.23652621857344,17.68191377054547,19.55528304748938,24.851832864534735,0.24692736592512687,0.5080980981800628,0.27810039503647205
1453,42.9740560313928,17.791009711652322,19.68152263599823,25.12448787813458,0.2469273659251279,0.5080980981800659,0.2781003950364669
1454,42.71327387560377,18.26655653563502,19.31906197119285,25.20091761011893,0.24692736592512435,0.5080980981800516,0.2781003950364876
1455,43.29020800614903,17.624402871219708,19.492684433584063,25.065385855036205,0.24692736592512468,0.5080980981800516,0.2781003950364869
1456,43.856163220616665,17.789243598206784,19.886270835161334,25.398347479020668,0.246927365925122,0.50809809818005,0.2781003950364943
1457,36.23935217026066,17.709362380830036,19.204476826765763,23.287353711909127,0.24692736592512374,0.5080980981800471,0.27810039503649303
1458,41.56509047413222,17.691857545104757,19.628343387869265,24.71140752723534,0.24692736592513928,0.5080980981802263,0.2781003950362984
1459,41.81233533634898,17.049520246043873,19.404835821074975,24.38393114713896,0.2469273659251257,0.5080980981800683,0.2781003950364696
1460,41.427573315200526,17.574619965002583,18.99351329326537,24.441336085835292,0.2469273659251196,0.5080980981800584,0.2781003950364917
1461,41.80056713534719,17.59602213548497,19.169384172769696,24.59322263053505,0.2469273659251494,0.5080980981800415,0.2781003950364423
1462,49.94027025168695,18.259003178465036,19.207916859834665,26.950713443027546,0.24692736592512476,0.5080980981800625,0.2781003950364766
1463,50.73418683263345,18.7442481775269,19.017092079646726,27.340236787546637,0.24692736592512693,0.5080980981800346,0.2781003950364976
1464,43.41066700919785,17.467372716709452,19.412917552570246,24.993160555376665,0.24692736592512887,0.5080980981800308,0.27810039503649603
1465,40.79436951212328,17.694384671624842,18.887694183073396,24.316404621964722,0.246927365925124,0.5080980981800555,0.2781003950364848
1466,38.31051490349096,18.46433779134028,19.20870954787922,24.183559161694653,0.24692736592512418,0.5080980981800488,0.2781003950364905
1467,41.24244699820564,18.491174379182247,19.424534680800605,24.981190104882263,0.24692736592512252,0.5080980981800406,0.27810039503650175
1468,45.62670523011733,18.628522579077952,19.399364757191893,26.126570035080615,0.24692736592512624,0.5080980981800792,0.27810039503645717
1469,44.57867846393442,18.385533369148778,19.70781766453384,25.8301020662267,0.24692736592512715,0.5080980981800526,0.27810039503648054
1470,41.792215295150065,18.531882322016603,19.469107657059215,25.15002233295633,0.24692736592512635,0.508098098180055,0.27810039503648
1471,37.61830657220074,18.587860878878022,19.266318291277713,24.09141684193367,0.24692736592512407,0.508098098180046,0.2781003950364938
1472,39.646832855553,18.97585069073581,19.826325955685117,24.94519073200506,0.24692736592512812,0.5080980981801113,0.27810039503642275
1473,40.25403519467183,18.381856153906238,19.82363697413134,24.792570304862455,0.24692736592511655,0.5080980981800319,0.27810039503652206
1474,43.93102877920183,18.942797151237574,20.454901312027854,26.16108856089077,0.2469273659251245,0.508098098180037,0.2781003950365011
1475,41.904934840621586,18.536586498142825,20.39528600434418,25.43781662060531,0.24692736592512501,0.508098098180079,0.2781003950364612
1476,36.55451101298156,17.4054375487475,20.74338649729511,23.638722812919056,0.24692736592514922,0.5080980981799478,0.2781003950365306
1477,38.702356464425705,18.559168695722768,20.81887837500386,24.776287555260495,0.2469273659251237,0.508098098180058,0.278100395036483
1478,40.28007327274321,19.227434946800336,20.881199509703087,25.522745354343535,0.24692736592511727,0.508098098180069,0.27810039503648515
1479,45.89046023052182,19.01378380291801,21.7110646408584,27.03033350856918,0.24692736592512576,0.5080980981800538,0.2781003950364827
1480,48.22135888258921,19.6528666456764,21.452030538429824,27.858575463734336,0.2469273659251255,0.508098098180054,0.27810039503648315
1481,44.10751341200267,19.15605626479411,21.736209186671186,26.66935622251385,0.2469273659251244,0.5080980981800576,0.27810039503648226
1482,40.327492827170886,18.679463284948277,21.939963674173296,25.550473913157756,0.24692736592502348,0.5080980981806912,0.27810039503612866
1483,42.24934352473009,20.757307471209973,21.077079653132138,26.840811735839246,0.24692736592512343,0.5080980981800554,0.2781003950364861
1484,42.03025118651407,20.245146612227934,21.450889203835928,26.63044046717729,0.24692736592515643,0.5080980981800141,0.2781003950364608
1485,37.707531974579055,19.78020402963084,21.049735332683067,25.215245306521712,0.24692736592512574,0.5080980981800478,0.27810039503648903
1486,48.60977651270325,19.835720200689618,21.249174570649622,27.99097962478978,0.2469273659251252,0.5080980981800635,0.27810039503647543
1487,42.20540565425495,18.604689963668502,20.694639857075945,25.629864753166657,0.24692736592512504,0.508098098180051,0.27810039503648737
1488,43.30125758218224,18.812778757272262,21.422767783900273,26.20868276754331,0.24692736592512504,0.5080980981800511,0.27810039503648726
1489,44.355573020241614,19.19744831232086,22.070214606800796,26.844527188079212,0.246927365925146,0.508098098180037,0.2781003950364571
1490,43.369837379343636,19.903564113049747,22.417612397126142,27.05650964094327,0.24692736592512918,0.5080980981800604,0.27810039503647066
1491,43.90285337062997,20.257311075621686,22.264549982185414,27.325297316527088,0.24692736592512526,0.5080980981800439,0.2781003950364928
1492,43.31665885647802,21.022230260229513,22.72782461728087,27.698040691218896,0.2469273659251237,0.5080980981800528,0.27810039503648787
1493,42.26660936763118,20.60852211484436,22.958118570438028,27.29259525432264,0.24692736592512543,0.5080980981800604,0.2781003950364776
1494,46.92873744656889,20.71641922148345,23.421350124722874,28.627449453382727,0.24692736592512615,0.5080980981800611,0.2781003950364756
1495,46.71276889011436,20.061301344023956,22.9525181719543,28.110874407723173,0.24692736592512324,0.5080980981800247,0.2781003950365137
1496,43.998842672721615,19.611932470607837,23.170691854765984,27.273082472959697,0.24692736592512757,0.5080980981800378,0.2781003950364933
1497,47.93025607077336,20.63448137560851,24.519607546855283,29.13854516847124,0.24692736592512315,0.5080980981800614,0.2781003950364816
1498,48.33132124992692,20.94348357572784,24.79359224004612,29.470777818348328,0.2469273659251281,0.5080980981801154,0.2781003950364265
1499,48.81552211644551,21.240605728587475,24.397498683895122,29.631153689254567,0.24692736592510695,0.5080980981800839,0.2781003950364945
1500,47.19353495253077,21.08139974671898,24.515565837475428,29.18258293674999,0.24692736592511993,0.508098098180058,0.2781003950364909
1501,42.96573608139381,21.15472722110718,24.478952097353858,28.165698952528338,0.24692736592512513,0.5080980981800213,0.2781003950365125
1502,46.965153765597975,21.187929730632497,24.596554273998684,29.202839970249933,0.2469273659251193,0.508098098179778,0.27810039503673284
1503,51.8134210997772,21.470581927329345,24.354846539721617,30.476405879581893,0.2469273659251251,0.5080980981800528,0.27810039503648526
1504,51.32008947705951,21.86225268263618,24.457815034417465,30.58223154639202,0.2469273659251258,0.5080980981800457,0.2781003950364901
1505,51.722122253945706,22.25182041937947,24.6252842652965,30.92601632641959,0.246927365925139,0.5080980981800771,0.27810039503643424
1506,51.71229558232239,22.611966454130833,24.531657730776473,31.080541791368166,0.24692736592490974,0.5080980981801303,0.2781003950368678
1507,49.33036068999451,22.63458758023596,24.62366032060165,30.529456590327964,0.2469273659251247,0.50809809818004,0.27810039503649797
1508,51.27942024750989,22.708160567870163,24.3428300094817,30.97001600753011,0.24692736592512435,0.5080980981800445,0.2781003950364946
1509,56.757079832600596,22.82435357149368,24.510235453605464,32.428193024616085,0.24692736592512476,0.5080980981800454,0.278100395036493
1510,51.6528777397628,23.03180500567325,24.580811672643506,31.292858800248162,0.24692736592512482,0.5080980981800557,0.2781003950364832
1511,53.708674821728856,23.290159261802856,24.616956332284765,31.941812508895467,0.2469273659251246,0.5080980981800483,0.2781003950364906
1512,46.96641529666376,23.756769113323468,24.682160985760245,30.532181142027007,0.24692736592512501,0.5080980981800519,0.2781003950364862
1513,50.41905480459541,24.558082521757875,24.978398499250602,31.874261909607583,0.2469273659251251,0.5080980981800534,0.2781003950364846
1514,49.23231687335429,24.8151381241776,25.38034603419646,31.823615069171154,0.24692736592512723,0.5080980981800447,0.278100395036489
1515,51.93118936573468,25.144929201141146,25.537957486244096,32.70143857076107,0.24692736592516357,0.5080980981795138,0.2781003950369376
1516,50.647792544075564,25.093925025738546,25.771666604384023,32.423612247709144,0.2469273659251225,0.5080980981800733,0.27810039503647016
1517,50.59076648595845,25.214505666079013,25.980023126779102,32.52874177861002,0.24692736592518835,0.5080980981796612,0.27810039503674205
1518,51.04866702327151,25.32860778033303,26.03431903379205,32.71488473258439,0.24692736592541983,0.5080980981783275,0.2781003950375858
1519,49.95458521859131,25.262905669746893,26.105232436502888,32.43106392232013,0.24692736592514694,0.5080980981798926,0.2781003950365983
1520,48.4785421901177,25.125615101237397,26.059867329474972,31.984215374363934,0.2469273659251002,0.5080980981803204,0.2781003950362737
1521,48.905015953679474,26.43375390920099,26.040382243015515,32.748767447676535,0.24692736592511852,0.5080980981800467,0.27810039503650363
1522,53.62058322075451,25.366336424070695,25.92740860586251,33.339399244498324,0.24692736592512493,0.5080980981800436,0.27810039503649453
1523,53.195139887092395,26.735463802554193,26.91045136182067,34.203381238710165,0.24692736592510586,0.508098098179945,0.2781003950366305
1524,54.16769506532048,27.53295881427782,27.150000019917712,34.915356002298964,0.24692736592512027,0.5080980981800439,0.27810039503650386
1525,53.32299480200233,27.913466504604795,27.2526941304873,34.92867089779689,0.24692736592512515,0.5080980981800396,0.2781003950364986
1526,54.994358090168475,27.932229144724886,27.31370435869002,35.367876462374014,0.24692736592512282,0.5080980981800289,0.27810039503651407
1527,45.64190254290354,27.883291307781782,27.33347206569132,33.03913143440225,0.24692736592512468,0.5080980981800914,0.27810039503644646
1528,47.793813121801755,27.899555980257368,27.204237234384127,33.54282083686935,0.24692736592512537,0.5080980981799917,0.27810039503654704
1529,49.93875168430431,28.28623570330475,27.189317115122964,34.26478680700398,0.2469273659251168,0.5080980981801122,0.2781003950364384
1530,52.20264779410233,28.367917867447712,27.32657997667196,34.90348011840143,0.2469273659251261,0.5080980981800677,0.27810039503646794
1531,47.90575969552615,28.457410131428357,27.474177531074982,33.928978645861285,0.2469273659251255,0.5080980981800497,0.2781003950364877
1532,52.13771747245749,28.95979889417507,27.804123624896498,35.32098574635643,0.24692736592512687,0.5080980981799538,0.2781003950365847
1533,51.56533651784015,29.172428565986436,28.044128296186827,35.3544313506875,0.24692736592518805,0.5080980981785973,0.2781003950378828
1534,58.18814715393571,29.76394657814378,27.589084506262935,37.163785855359144,0.24692736592513254,0.5080980981800093,0.27810039503651623
1535,49.62994908619722,29.241321541554278,27.696891957082986,34.8149690569355,0.24692736592512526,0.5080980981800606,0.2781003950364762
1536,50.55752906045306,28.37646605777958,27.765798886707415,34.623745554506186,0.24692736592512574,0.5080980981800539,0.2781003950364825
1537,60.460894204557235,29.099579129083743,28.050292864329172,37.515687687195424,0.2469273659251254,0.5080980981800499,0.2781003950364873
1538,51.84663592549437,29.7070102995856,28.1750608205193,35.73192422135938,0.24692736592512496,0.5080980981800591,0.27810039503647865
1539,61.90720663213657,30.536818815075307,28.659522525609944,38.772507565793696,0.2469273659251245,0.5080980981800505,0.27810039503648865
1540,57.29757705972359,30.493980318004226,28.963579392947597,37.69705605361665,0.24692736592512396,0.5080980981800646,0.2781003950364747
1541,51.56845867626602,30.98998722168359,29.301440641520077,36.62835945325545,0.24692736592512546,0.5080980981800448,0.27810039503649264
1542,57.17971542794829,31.092422201571896,30.077346924716565,38.28175916481451,0.24692736592512546,0.5080980981800701,0.27810039503646594
1543,54.12625102883451,30.228356794016214,30.17357760297698,37.115507043151844,0.24692736592512282,0.5080980981800522,0.2781003950364894
1544,58.68977395815809,32.21162291979331,30.88579868517109,39.44812845043238,0.24692736592511583,0.5080980981800711,0.2781003950364832
1545,52.5424208430853,32.50388528865727,31.204772702668155,38.167383492377525,0.24692736592512582,0.5080980981800454,0.27810039503649114
1546,53.23422056577854,33.001977221913755,31.53729691889812,38.68376245554909,0.24692736592512562,0.5080980981800679,0.27810039503646794
1547,64.41421353113614,33.58345150658538,31.736665409119297,41.79529910361686,0.2469273659251261,0.5080980981800162,0.2781003950365211
1548,60.39846103383748,32.75442718225807,31.887483569889557,40.42441682480484,0.24692736592512465,0.5080980981800579,0.27810039503647993
1549,56.72485686776511,31.698382639981386,32.0329471173055,39.0211826711006,0.24692736592513176,0.5080980981800265,0.2781003950364987
1550,54.60875064611465,32.48623180672819,32.32409142420804,38.97993014580969,0.24692736592512485,0.5080980981800549,0.2781003950364827
1551,54.347697529898085,31.24731812967074,32.24167886099808,38.36419559577892,0.23064099729314527,0.4223336866541564,0.391809416240394
1552,49.03284596992707,31.729692910207085,31.554873454490373,36.802908245863456,0.2937740939691483,0.4156809552224397,0.29183762380702294
1553,68.96009270858706,33.24795475812452,31.327233644032976,43.2216957756653,0.29377409396914783,0.41568095522244525,0.29183762380701794
1554,57.9362966663203,32.347001329120154,31.19537483517871,39.570199537814176,0.2937740939691518,0.41568095522240045,0.29183762380705697
1555,59.070615486492336,31.3683268091621,31.011153405241075,39.442853917807014,0.2937740939691494,0.4156809552224337,0.2918376238070269
1556,41.5124705302705,27.184872530506283,30.701408063151227,32.4553481762121,0.2937740939691499,0.4156809552224399,0.2918376238070196
1557,51.613629383735315,27.666248951251998,30.242474153987125,35.488971795289395,0.29377409396914933,0.41568095522244247,0.2918376238070181
1558,80.09020859936666,30.735919261813255,30.006589699884138,45.061816582035824,0.2937740939691499,0.41568095522243115,0.29183762380702755
1559,66.97141668878972,30.99580464115162,29.98884032223481,41.31070484107077,0.29377409396914844,0.41568095522244375,0.2918376238070185
1560,60.258645074800704,35.46237102741378,30.1192010575781,41.233377191395576,0.2937740939691485,0.41568095522244625,0.29183762380701583
1561,64.38268331510557,34.6323551773492,30.18767025886302,42.11987289653759,0.2937740939691453,0.41568095522244075,0.29183762380702855
1562,64.27382461550847,34.74661819784096,30.405434107055367,42.198941676204946,0.29377409396914467,0.4156809552224306,0.29183762380704154
1563,76.97218910176278,35.272578772937656,30.824232871496278,46.2702452285776,0.2937740939691476,0.41568095522241644,0.2918376238070517
1564,72.54359787108008,34.362603585766834,31.317592394097765,44.73496136795077,0.29377409396914744,0.41568095522244897,0.2918376238070148
1565,73.0770414451849,34.54506330081153,32.04283370575578,45.17917100033743,0.2937740939691547,0.41568095522242116,0.2918376238070285
1566,87.56696222358552,37.54845327216197,32.82276163830492,50.911998675469135,0.2937740939691519,0.4156809552224226,0.2918376238070335
1567,78.27574170378136,37.08188073669076,33.111948585645706,48.07292909971882,0.2937740939691479,0.41568095522244586,0.29183762380701744
1568,81.57665750074196,35.43380275939722,33.55758451361401,48.48763134965822,0.2937740939691482,0.4156809552224422,0.29183762380702083
1569,77.67423044915371,38.07969537263399,33.50277085005606,48.425049857858546,0.29377409396915105,0.4156809552224455,0.2918376238070103
1570,66.22057442628218,38.05000960603754,32.25357078568444,44.683359050844075,0.2937740939691478,0.41568095522244103,0.291837623807023
1571,68.40471342794365,37.238257616684464,31.847359872282393,44.86902503709011,0.2937740939691434,0.4156809552224175,0.29183762380706013
1572,61.970536572867715,38.63903689486713,32.2297687574059,43.672709129820824,0.29377409396913,0.4156809552223016,0.2918376238072242
1573,79.48493898624447,41.44933387934452,32.92379409081812,50.18871646935285,0.2937740939691486,0.4156809552224377,0.2918376238070253
1574,60.38652724019104,41.28745788614311,33.06870186152363,44.55309863439859,0.29377409396914844,0.41568095522243925,0.2918376238070237
1575,76.0358915997949,42.720443196201785,33.76835204121823,49.95032541877743,0.2937740939691481,0.4156809552224523,0.29183762380700795
1576,81.1098032408101,43.5121514707342,34.1515666325401,51.881843701550885,0.29377409396914766,0.41568095522244763,0.29183762380701483
1577,56.58034636968181,42.715456586775005,34.320590479391775,44.39388136112681,0.29377409396914766,0.41568095522244836,0.29183762380701395
1578,77.66072796111847,43.34488706055383,34.94763668655019,51.031389299375824,0.29377409396914783,0.4156809552224448,0.29183762380701805
1579,78.72604537743987,41.37049330091881,35.10309961593539,50.569004006056744,0.2937740939691474,0.41568095522243986,0.29183762380702516
1580,70.70968732026067,41.23691563277772,35.37537799192082,48.237941062448996,0.29377409396914766,0.41568095522243986,0.2918376238070246
1581,70.4458157426778,38.02486333965617,35.526042632848394,46.8692030741912,0.2937740939691471,0.41568095522244786,0.29183762380701617
1582,61.14946510565298,33.3720855382619,35.737811603864074,42.26590712095564,0.29377409396914506,0.41568095522244913,0.2918376238070189
1583,80.89159656598105,33.34555894712089,36.336167631310666,48.229230106229664,0.2937740939691482,0.41568095522244364,0.2918376238070185
1584,76.78254252222246,32.97215897190434,36.60445943841213,46.94517886254755,0.2937740939691481,0.41568095522244125,0.29183762380702083
1585,58.621190508977286,32.39967812142323,36.56850751845322,41.36138261993503,0.2937740939691484,0.4156809552224389,0.29183762380702233
1586,49.40021821438888,36.78830363574914,37.14771265201613,40.64580173436211,0.2937740939691482,0.415680955222443,0.29183762380701916
1587,67.32979559680282,34.89553753362973,37.45424237416526,45.21571716952707,0.2937740939691481,0.4156809552224441,0.29183762380701833
1588,81.56863080210174,37.83282788462211,37.8129773826401,50.724386112455626,0.29377409396914794,0.415680955222441,0.2918376238070215
1589,63.150306346886516,36.214362438696504,37.988920133040224,44.69214098484094,0.29377409396914933,0.41568095522243387,0.2918376238070257
1590,70.93529384656516,37.62527063334293,38.835968849338876,47.81285698481537,0.2937740939693284,0.41568095522055765,0.2918376238085165
1591,63.68269753425709,43.38622576104901,39.19373040054674,48.18135968571559,0.2937740939691495,0.4156809552224451,0.29183762380701483
1592,74.73821965558098,44.57301578681416,39.76916202589166,52.09044429002599,0.2937740939691488,0.41568095522244297,0.2918376238070182
1593,85.07099635073119,44.442474788254316,40.01600213472305,55.143720225673846,0.293774093969148,0.41568095522244936,0.29183762380701245
1594,55.121839657255975,41.61876516270864,39.952235828608934,45.15306213123518,0.29377409396914794,0.41568095522244786,0.29183762380701433
1595,57.96357772297191,40.45744158581788,40.531665591154834,45.67425046808869,0.2937740939691485,0.41568095522244175,0.29183762380701994
1596,51.600643745029444,39.91018650690875,40.758157878718364,43.643600760795,0.29377409396914816,0.4156809552224419,0.2918376238070201
1597,45.74112605822729,39.36112512087948,40.57405288538355,41.640263136052255,0.29377409396914844,0.41568095522244053,0.2918376238070213
1598,65.59567187783645,43.48293501960924,40.99983738583327,49.3106321581913,0.2937740939691478,0.4156809552224466,0.29183762380701594
1599,85.68596166437268,46.42823861727174,41.94543260059039,56.71290571126307,0.2937740939691485,0.41568095522244397,0.2918376238070178
1600,76.00315254939808,47.15772951690533,42.303588756541124,54.27610615192547,0.29377409396914933,0.41568095522243576,0.2918376238070251
1601,72.57549377274599,49.16319831449583,42.85804307981417,54.26459461804387,0.29377409396915,0.41568095522245724,0.29183762380699996
1602,79.7923576945134,50.51031725571543,43.81374980638416,57.2236051463827,0.29377409396914744,0.41568095522245196,0.2918376238070103
1603,89.57988440675068,51.70230063001353,44.309413557533425,60.73906505744922,0.2937740939691486,0.4156809552224218,0.29183762380704287
1604,99.63112603261737,53.81564774897266,44.92189131465367,64.74908166175136,0.2937740939691438,0.4156809552224845,0.29183762380697953
1605,80.42504789299427,51.937177993682894,45.07002192219806,58.369219439866434,0.2937740939691464,0.41568095522246756,0.29183762380699385
1606,84.98025715541151,55.87053996102199,45.892811871817365,61.58256663738127,0.2937740939691491,0.4156809552224418,0.2918376238070188
1607,76.8967292506252,49.34603054081446,45.85821728181979,56.48562523998716,0.2937740939691594,0.41568095522243287,0.2918376238070108
1608,67.62850952456562,49.547940574144775,46.106659215622656,53.91929724639582,0.2937740939691463,0.4156809552224491,0.2918376238070153
1609,95.61163399930172,50.18286913201771,47.16213719013431,62.71197017888406,0.2937740939691468,0.4156809552223893,0.2918376238070788
1610,108.48105641844283,50.19730673073393,47.53966209567996,66.60885049616138,0.2937740939691467,0.4156809552223774,0.2918376238070916
1611,91.87294041442783,49.334285146310236,47.4853292764559,61.355218267099445,0.29377409396914866,0.41568095522244264,0.2918376238070181
1612,92.21125930818148,43.08569005187654,47.232699103201696,58.78345862646761,0.2937740939691485,0.41568095522244675,0.2918376238070142
1613,80.74901385610701,46.160273370838475,47.720481617304436,56.83654687471989,0.2937740939691487,0.415680955222447,0.2918376238070135
1614,73.37843909051102,46.394188070900896,47.87888272076019,54.81472423852853,0.2937740939691474,0.41568095522244086,0.29183762380702183
1615,86.3064312327594,48.789399163398464,48.226054184777894,59.70959474695912,0.293774093969147,0.4156809552224495,0.291837623807014
1616,76.44718440438606,48.62273627832233,47.540643895738235,56.54389634538076,0.2937740939691478,0.4156809552224451,0.29183762380701717
1617,93.48138195783669,50.18921845885863,48.30080574794574,62.42110293593844,0.29377409396914794,0.41568095522244686,0.29183762380701506
1618,93.03886494659295,50.28170631995963,48.78039398015853,62.469510234438104,0.29377409396914733,0.41568095522245985,0.2918376238070028
1619,82.6575770334322,45.89053910737964,48.47074141052046,57.50406393192082,0.2937740939691678,0.41568095522239035,0.2918376238070352
1620,110.70190983572446,49.018057886636655,49.649539694875514,67.38683007577515,0.2937740939691489,0.4156809552224371,0.29183762380702316
1621,104.87784150119764,53.71563950933047,50.30878290338286,67.8209568652236,0.2937740939691483,0.41568095522244447,0.29183762380701717
1622,81.19208498156324,50.558492296620486,50.3297184009614,59.55643900040352,0.2937740939691483,0.41568095522244436,0.29183762380701744
1623,75.73708316562112,53.660816478439045,50.97929184128904,59.433047832946464,0.2937740939691482,0.4156809552224454,0.2918376238070164
1624,101.32377233323314,53.61134353462753,51.595534780896,67.10903217547342,0.29377409396914833,0.4156809552224428,0.2918376238070189
1625,101.53140562067597,54.45775474760808,52.01792136693616,67.64513477549043,0.2937740939691489,0.4156809552224709,0.29183762380698863
1626,93.24273024385693,52.65662349801226,51.39111955846111,64.27851636776474,0.2937740939691461,0.4156809552224666,0.2918376238069985
1627,97.66090157281502,50.43455513912277,52.045753742411215,64.84383603364397,0.29377409396914983,0.41568095522244336,0.2918376238070155
1628,121.87046251112108,54.16216374244347,54.97779623896025,74.36115408370352,0.2937740939691482,0.41568095522244447,0.2918376238070176
1629,67.79586552662354,47.84200253542164,53.80961032328708,55.50734709834636,0.2937740939691477,0.4156809552224527,0.29183762380701034
1630,65.43465682973307,47.908879674062526,53.633354009937506,54.79004648194916,0.2937740939691442,0.41568095522248777,0.29183762380698364
1631,68.06066614789168,48.51663046020595,53.42845728351282,55.754333843701424,0.2937740939691433,0.41568095522246634,0.2918376238070038
1632,88.41793530778517,51.14937409675622,55.51180720365983,63.43715342678648,0.293774093969148,0.41568095522244447,0.29183762380701767
1633,76.4810198851455,50.79648714878554,55.82558810960234,59.87528160408246,0.2937740939691504,0.4156809552223862,0.2918376238070675
1634,84.71572525846584,47.693872755718495,56.990258029488295,61.34462150157452,0.2937740939691472,0.4156809552224461,0.2918376238070173
1635,89.91380496678413,48.98656917801467,58.16390667448766,63.7515467736388,0.2937740939691496,0.4156809552224492,0.29183762380701134
1636,82.76320382524445,46.84624888879691,57.5947848268511,60.595103851973285,0.29377409396915,0.41568095522244414,0.29183762380701495
1637,78.68666502579319,47.26931391895452,58.42597336093832,59.8159545222152,0.29377409396914517,0.41568095522246257,0.29183762380700695
1638,87.35624617348306,54.394719459439024,58.79735678887796,65.4331319075169,0.2937740939691477,0.41568095522244397,0.2918376238070183
1639,95.54067632135963,51.35289106838379,59.009242262003625,66.63491148064276,0.2937740939691489,0.41568095522244214,0.29183762380701844
1640,102.12709676499838,50.692076981171795,59.37890542088685,68.40302496587334,0.2937740939691455,0.41568095522243514,0.29183762380702993
1641,75.76925890095794,50.08483473640788,58.023083985454484,60.01167628600106,0.2937740939691484,0.415680955222453,0.2918376238070096
1642,91.39829570077111,52.88168358009963,59.672627871200234,66.24707817841667,0.2937740939691483,0.4156809552224472,0.29183762380701483
1643,104.03559212607168,54.04846302244069,61.26766536413947,70.91008843092764,0.29377409396914944,0.41568095522243675,0.2918376238070223
1644,109.1194247692509,51.01944520719337,60.9276755886193,71.04525993253408,0.2937740939691489,0.41568095522245274,0.291837623807009
1645,82.58624336039294,47.9315007658338,60.4932392016983,61.84011402611529,0.2937740939691473,0.4156809552224494,0.2918376238070147
1646,82.98421609474633,48.30483651258786,60.83034585014606,62.210597068656334,0.2937740939691414,0.4156809552225048,0.2918376238069788
1647,81.11922050612667,50.32243133220182,62.01544705295463,62.84724254022062,0.29377409396916887,0.41568095522252096,0.2918376238069285
1648,82.5787328144377,50.78662434171179,62.41643886741345,63.58599013812992,0.29377409396914106,0.415680955222431,0.291837623807038
1649,74.40451582038344,52.71043187443188,64.34095091585269,62.54595212286411,0.29377409396914755,0.4156809552223885,0.2918376238070639
1650,63.59554495651225,53.201054212286806,65.57382010393589,59.93429647695953,0.29377409396914833,0.4156809552224109,0.29183762380704464
1651,71.5335696957332,54.48041074232614,67.65379640063934,63.247348211189475,0.28361961523821555,0.654878957594735,0.10762071736647141
1652,92.83339548037573,60.40437042083225,70.62756891420656,72.33209989975614,0.26695343129008087,0.4131183223781445,0.3199282463317727
1653,114.8116223464719,64.8217384477711,72.68518031423442,80.68244665079139,0.26695343129008686,0.41311832237811313,0.31992824633179145
1654,107.94050473011127,66.19020499031414,71.07477877970219,78.89830388975935,0.2669534312900804,0.41311832237816004,0.31992824633175987
1655,118.89763848982089,68.79289313041923,72.8637330491973,83.47090350433923,0.2669534312900796,0.41311832237815566,0.3199282463317651
1656,104.93141719342592,63.33024210080299,71.88171969719271,77.17167776843642,0.2669534312900793,0.41311832237815843,0.319928246331763
1657,92.41008660386183,61.22260790896185,71.05769475388873,72.69473444666973,0.266953431290079,0.4131183223781593,0.3199282463317627
1658,82.110459971199,63.629451901639044,70.10271939915205,70.63400153802348,0.26695343129007987,0.4131183223781567,0.31992824633176364
1659,64.31950771391818,49.72677730538946,67.15580212161728,59.198394104565864,0.2669534312900799,0.41311832237815604,0.31992824633176414
1660,78.26329946496246,53.69689629772104,67.2077105296434,64.5774730214048,0.2669534312900808,0.41311832237815516,0.319928246331764
1661,76.63911684656371,58.5651830466324,67.71615398546511,66.3177357761275,0.26695343129008064,0.4131183223781546,0.3199282463317645
1662,82.87090652550391,58.22445978060738,66.8675569867826,67.56908424031235,0.2669534312900803,0.413118322378155,0.31992824633176453
1663,95.61430981152692,76.15004648558617,68.81760757103284,79.00024404471189,0.2669534312900796,0.4131183223781563,0.3199282463317643
1664,88.1960818206398,71.09926381769235,68.3914963585492,74.79702675304331,0.2669534312900801,0.41311832237815593,0.319928246331764
1665,97.14169508451134,70.34463890503878,69.20731728167236,77.13434368814322,0.2669534312900804,0.41311832237815593,0.31992824633176353
1666,121.42490122033097,76.7946366320295,71.75697243401879,87.09714783078284,0.26695343129007965,0.4131183223781548,0.31992824633176586
1667,116.64400683340182,81.38511899407213,71.04815899558648,87.49051460153616,0.2669534312900793,0.4131183223781566,0.31992824633176453
1668,91.38837241803847,76.78769107320583,70.87370491269986,78.79334183622097,0.2669534312900799,0.4131183223781571,0.31992824633176287
1669,100.45190361432009,75.04084644563163,71.75328620159485,80.77263196593668,0.26695343129007915,0.4131183223781603,0.31992824633176054
1670,91.49485627870295,75.14498312036476,71.56507101704362,78.36432285990333,0.26695343129008003,0.4131183223781591,0.3199282463317606
1671,87.95630003313445,70.41641944871667,71.35813905549895,75.40003345747934,0.26695343129008003,0.4131183223781569,0.319928246331763
1672,82.17020824096728,71.5445037007033,72.21731823674847,74.5963243622248,0.2669534312900791,0.413118322378157,0.31992824633176414
1673,83.80082423018445,73.90867218013469,73.87723215431187,76.53935756041255,0.26695343129007815,0.41311832237815327,0.31992824633176886
1674,75.25550471320037,70.72238713896117,74.28960336527523,73.07377166141656,0.26695343129007443,0.4131183223781712,0.31992824633175515
1675,75.91541113640248,74.18441656517317,75.24030953035097,74.98432149017071,0.2669534312900796,0.4131183223781582,0.31992824633176226
1676,111.41559689339684,82.70921707771545,77.20453359372758,88.61137993578423,0.26695343129008026,0.4131183223781547,0.3199282463317651
1677,88.72751768799696,82.2916558315256,76.66665842549655,82.21013568168797,0.266953431290081,0.41311832237815105,0.319928246331768
1678,100.47951405256039,81.69265629052931,77.87509973829651,85.48652826023401,0.26695343129008076,0.4131183223781489,0.31992824633177047
1679,87.11584652799272,76.39014582958147,77.38411675995876,79.57140781067312,0.26695343129008087,0.41311832237815294,0.3199282463317661
1680,111.4894090005757,82.22204800046381,79.09592658627761,89.03493590238838,0.2669534312900795,0.41311832237815704,0.31992824633176364
1681,85.05773454794132,78.40861190577945,77.45373852334036,79.87812704346051,0.26695343129008,0.4131183223781547,0.31992824633176536
1682,91.73388841415597,82.59250381678895,76.9482324858063,83.22706597305643,0.26695343129008003,0.41311832237815377,0.31992824633176625
1683,108.93013494167872,86.55356723674463,77.86047078902283,89.74590166435905,0.2669534312900806,0.41311832237815505,0.31992824633176437
1684,81.56319657300043,71.39516009749094,74.36691143243578,75.06029951723387,0.2669534312900803,0.4131183223781565,0.31992824633176303
1685,98.03613866611794,77.46030968144885,76.12995314528406,82.52747919693294,0.2669534312900814,0.4131183223781545,0.3199282463317638
1686,80.68807100343192,74.59492337457199,75.77070089679468,76.59767448221417,0.2669534312900799,0.41311832237815566,0.3199282463317644
1687,105.63723504409506,75.9998139555845,77.08551074956283,84.25897028109688,0.2669534312900801,0.41311832237815693,0.319928246331763
1688,105.74284519097077,88.61597225253094,78.73082725291545,90.02551264625448,0.26695343129008,0.4131183223781566,0.3199282463317635
1689,96.85051467147863,87.9782775032744,80.24923059351231,87.87401123488978,0.2669534312900806,0.41311832237815665,0.31992824633176253
1690,109.31785943180739,92.65177102395775,82.35767697599691,93.80746905427867,0.26695343129008875,0.41311832237811746,0.31992824633179573
1691,114.94503687002356,91.36082944041718,84.30548003715035,95.39950897616258,0.26695343129007987,0.4131183223781568,0.31992824633176326
1692,129.66020411276074,97.69296769710259,88.1961848313508,103.18844205909022,0.266953431290081,0.41311832237815216,0.3199282463317669
1693,87.62405985367192,88.54562463771111,86.96367089824078,87.79349807080902,0.2669534312900818,0.413118322378148,0.3199282463317702
1694,132.3136616207342,95.92975895832157,91.6756882002095,104.28156922036287,0.26695343129008003,0.41311832237815743,0.31992824633176237
1695,112.5506482331088,96.83642874687924,92.86311563140936,99.76021846161439,0.2669534312900795,0.4131183223781674,0.3199282463317528
1696,101.42443947343736,92.8611848755869,94.07180363744035,95.53448621094974,0.26695343129007953,0.4131183223781602,0.3199282463317603
1697,100.48602780348821,91.21385264404212,94.85314682244406,94.85340462276044,0.2669534312900828,0.41311832237815055,0.31992824633176636
1698,101.57416964976078,95.46987904503563,97.08571047659402,97.61639048382503,0.26695343129007815,0.41311832237815616,0.3199282463317658
1699,87.48118200973761,95.39606812326038,97.99373319222786,94.11422854705731,0.2669534312900809,0.413118322378158,0.3199282463317611
1700,100,100,100,100,0.26695343129008103,0.4131183223781582,0.3199282463317608
